{"cameraMode":{"drawMode":0,"name":"Shaded","section":"Shading Mode"},"sceneLighting":true,"audioPlay":false,"sceneViewState":{"m_AlwaysRefresh":false,"showFog":true,"showSkybox":true,"showFlares":true,"showImageEffects":true,"showParticleSystems":true,"showVisualEffectGraphs":true,"m_FxEnabled":true},"in2DMode":false,"pivot":{"x":2.387216091156006,"y":0.09554457664489746,"z":-10.116808891296387},"rotation":{"x":0.47344928979873659,"y":-0.30387428402900698,"z":0.17820747196674348,"w":0.8073104619979858},"size":2.7456560134887697,"orthographic":false}